{
    "visibility": "visible",
    "tests": [
        {
            "name": "TestAddTwoInts", 
            "number": "p1.0",
            "points": 5,
            "visibility": "visible",
            "timeout": "600s"
        },
        {
            "name": "TestAddTwoInts", 
            "number": "p1.1",
            "points": 5,
            "visibility": "visible",
            "timeout": "600s",
            "count": 5
        },
        {
            "name": "TestAddTwoIntsUnreliable",
            "number": "f1.2",
            "points": 5,
            "visibility": "visible",
            "timeout": "1m",
            "count": 5
        },
        {
            "name": "TestTimeout",
            "number": "f1.3",
            "points": 5,
            "visibility": "visible",
            "timeout": "2s"
        },
        {
            "name": "TestIntToStringSuccess",
            "number": "p2.0",
            "points": 5,
            "folder": "library",
            "visibility": "visible"
        },
        {
            "name": "TestIntToStringFailure",
            "number": "f2.1",
            "points": 5,
            "folder": "library",
            "visibility": "visible"
        },
        {
            "name": "TestSameName",
            "number": "f2.2",
            "points": 5,
            "folder": "library",
            "visibility": "visible"
        },
        {
            "name": "TestSameName",
            "number": "p2.3",
            "points": 5,
            "visibility": "visible"
        }
    ],
    "uploader": "bashupload.com",
    "ratelimit": {
        "count": 1,
        "minutes": 30
    }
}